invoice_id,creation_time_ms,amount,document_type
1,0.17670000670477748,43462.66,out_refund
2,0.09940000018104911,37275.11,out_invoice
3,0.07469998672604561,17880.03,out_invoice
4,0.07100001676008105,15010.33,in_refund
5,0.09099999442696571,22620.81,out_invoice
6,0.06819999543949962,10856.37,in_refund
7,0.06469996878877282,1662.96,out_invoice
8,0.07159996312111616,13266.31,in_invoice
9,0.06549997488036752,12726.36,out_invoice
10,0.07790001109242439,42426.77,out_refund
11,0.09159999899566174,34159.07,out_refund
12,0.083099992480129,18281.35,out_refund
13,0.06410002242773771,6991.04,out_invoice
14,0.06220000796020031,47760.1,out_refund
15,0.07720000576227903,38696.61,in_refund
16,0.06509997183457017,8058.2,out_refund
17,0.07300003198906779,8199.45,in_refund
18,0.06160000339150429,30813.66,in_refund
19,0.060500053223222494,4533.11,out_refund
20,0.06900000153109431,30838.54,out_invoice
21,0.09520002640783787,40824.24,in_refund
22,0.07010000990703702,33332.79,in_invoice
23,0.05920004332438111,3400.01,in_invoice
24,0.055100012104958296,19970.22,out_invoice
25,0.07430004188790917,48321.94,out_invoice
26,0.06709998706355691,38190.12,out_invoice
27,0.058699981309473515,40787.12,in_refund
28,0.06970000686123967,39849.04,in_refund
29,0.06309995660558343,19627.39,in_refund
30,0.07369997911155224,1233.8,out_invoice
31,0.05619996227324009,6501.63,out_refund
32,0.07989996811375022,35096.42,in_refund
33,0.06839999696239829,26182.15,in_refund
34,0.06320001557469368,8380.43,in_refund
35,0.06520003080368042,20617.62,out_invoice
36,0.06609997944906354,27613.75,in_refund
37,0.06659998325631022,9131.91,in_invoice
38,0.06690004374831915,44485.23,out_refund
39,0.2691000117920339,10844.31,in_refund
40,0.09599997429177165,46860.13,out_refund
41,0.07269997149705887,38831.52,in_invoice
42,0.062700011767447,33269.41,in_invoice
43,0.050499977078288794,39670.33,out_refund
44,0.07480004569515586,23010.21,out_refund
45,0.08839997462928295,30457.06,in_refund
46,0.10499998461455107,19778.75,out_refund
47,0.0798000255599618,9945.32,in_refund
48,0.059999991208314896,31082.85,out_refund
49,0.05719996988773346,2799.72,out_refund
50,0.06349995965138078,30612.05,in_invoice
51,0.069500005338341,31994.46,in_invoice
52,0.06280001252889633,31511.89,out_refund
53,0.056800025049597025,46157.21,in_refund
54,0.060699996538460255,21465.45,in_invoice
55,0.06839999696239829,7794.51,in_refund
56,0.06819999543949962,5298.06,in_invoice
57,0.05859998054802418,47894.12,in_invoice
58,0.06939994636923075,32501.89,in_refund
59,0.05809997674077749,29476.09,out_refund
60,0.06479996955022216,24820.0,in_invoice
61,0.06089999806135893,12970.1,out_refund
62,0.05909998435527086,16152.36,in_refund
63,0.057699973694980145,30607.31,out_refund
64,0.05619996227324009,17251.35,in_invoice
65,0.07090001599863172,44178.2,out_invoice
66,0.062000006437301636,27082.38,in_refund
67,0.057500030379742384,17497.17,in_refund
68,0.06499997107312083,22069.24,out_invoice
69,0.06499997107312083,45300.83,in_invoice
70,0.06499997107312083,30310.63,out_invoice
71,0.05859998054802418,16194.11,in_invoice
72,0.056999968364834785,39763.31,in_refund
73,0.058399979025125504,49300.52,in_refund
74,0.05740002961829305,44669.92,in_refund
75,0.0950000248849392,23431.06,out_invoice
76,0.05989999044686556,4833.77,in_refund
77,0.0619000056758523,17957.32,in_invoice
78,0.05840003723278642,14901.55,out_refund
79,0.06980000762268901,18216.86,out_refund
80,0.06560003384947777,20674.04,out_refund
81,0.05829997826367617,13059.28,in_refund
82,0.056999968364834785,9696.89,in_refund
83,0.05689996760338545,44414.34,out_invoice
84,0.058399979025125504,3503.62,in_invoice
85,0.062000006437301636,5049.66,in_refund
86,0.06310001481324434,37578.62,out_invoice
87,0.056500022765249014,21614.53,in_invoice
88,0.05560001591220498,40674.0,out_refund
89,0.057100027333945036,15602.38,out_invoice
90,0.06849999772384763,25080.95,out_invoice
91,0.058399979025125504,27559.88,in_invoice
92,0.05809997674077749,32046.94,in_invoice
93,0.06369996117427945,42783.42,out_invoice
94,0.05989999044686556,21811.68,out_invoice
95,0.06480002775788307,15674.85,in_invoice
96,0.059999991208314896,12405.06,in_refund
97,0.0678999931551516,46457.09,in_refund
98,0.058100034948438406,20910.04,in_invoice
99,0.058699981309473515,49145.48,out_refund
100,0.06900000153109431,11913.31,out_invoice
101,0.0681000528857112,7434.14,in_refund
102,0.05859998054802418,45382.46,in_refund
103,0.058699981309473515,37198.68,out_refund
104,0.0697999494150281,31306.24,in_refund
105,0.09739998495206237,20165.3,in_invoice
106,0.06019999273121357,36645.13,out_refund
107,0.05630002124235034,43679.44,in_refund
108,0.05879998207092285,29740.91,in_invoice
109,0.06330001633614302,11320.91,out_refund
110,0.06829999620094895,43362.63,out_refund
111,0.07020001066848636,31535.01,in_refund
112,0.06619998021051288,42830.27,in_invoice
113,0.06680004298686981,35077.1,in_invoice
114,0.06029999349266291,30852.19,out_invoice
115,0.0708999577909708,17214.34,out_refund
116,0.06619998021051288,12452.02,in_invoice
117,0.11310004629194736,41458.07,in_invoice
118,0.10449998080730438,41735.1,out_invoice
119,0.05949998740106821,46904.54,in_refund
120,0.07010000990703702,14105.5,out_invoice
121,0.06499997107312083,1468.27,out_invoice
122,0.06890000076964498,48727.37,in_invoice
123,0.06120000034570694,11510.43,in_invoice
124,0.059100042562931776,46309.43,out_invoice
125,0.06799999391660094,16088.93,in_refund
126,0.06640003994107246,39152.59,out_invoice
127,0.05820003570988774,26122.26,out_refund
128,0.05929998587816954,46869.61,in_refund
129,0.11979998089373112,6137.84,out_refund
130,0.09689998114481568,49410.33,in_invoice
131,0.060999998822808266,26455.67,in_refund
132,0.18540001474320889,17608.27,in_refund
133,0.07010000990703702,48842.27,out_refund
134,0.05470000905916095,20199.41,in_invoice
135,0.05600001895800233,45783.29,in_invoice
136,0.04799995804205537,14229.86,out_refund
137,0.05289999535307288,13159.66,in_invoice
138,0.05360000068321824,23968.28,in_refund
139,0.12049998622387648,46213.52,in_invoice
140,0.23519998649135232,14316.68,in_refund
141,0.11490000179037452,13885.41,out_invoice
142,0.05619996227324009,41638.31,in_invoice
143,0.059699988923966885,14574.49,out_refund
144,0.05460000829771161,24318.65,in_invoice
145,0.05299999611452222,21554.92,out_invoice
146,0.5229000234976411,38985.61,out_refund
147,0.09839999256655574,1857.08,out_refund
148,0.052499992307275534,45552.65,in_refund
149,0.08739996701478958,45501.9,in_invoice
150,0.058999983593821526,26206.31,in_invoice
151,0.0523999915458262,28915.06,in_invoice
152,0.05590001819655299,30830.07,in_refund
153,0.10699999984353781,37218.66,in_refund
154,0.04970002919435501,5753.13,out_invoice
155,0.04770001396536827,43507.85,in_refund
156,0.043899985030293465,20264.83,out_invoice
157,0.04829996032640338,17784.52,in_invoice
158,0.045900000259280205,27036.13,out_refund
159,0.08120003622025251,35529.08,out_invoice
160,0.14089996693655849,2107.26,in_invoice
161,0.09810004848986864,43789.75,out_invoice
162,0.050799979362636805,28542.1,in_invoice
163,0.08940004045143723,49386.14,in_refund
164,0.06990000838413835,2053.61,in_refund
165,0.06350001785904169,7062.59,in_refund
166,0.04810001701116562,13615.92,in_refund
167,0.05289999535307288,19064.87,in_refund
168,0.046600005589425564,19210.72,in_invoice
169,0.047099951189011335,41449.09,out_invoice
170,0.053800002206116915,14620.95,out_invoice
171,0.048200017772614956,29627.76,in_invoice
172,0.05189998773857951,8094.32,out_refund
173,0.11680001625791192,26099.83,out_invoice
174,0.05470000905916095,36903.73,in_refund
175,0.05539995618164539,49625.41,in_invoice
176,0.04569999873638153,10790.17,in_invoice
177,0.0488999648950994,4877.32,in_invoice
178,0.04469999112188816,49215.01,out_refund
179,0.04510005237534642,30516.98,out_invoice
180,0.04910002462565899,22912.31,in_refund
181,0.04539999645203352,16099.73,in_refund
182,0.04369998350739479,11993.13,in_invoice
183,0.04509999416768551,48919.64,out_refund
184,0.04350004019215703,38225.88,in_refund
185,0.055800017435103655,49196.15,out_refund
186,0.04340003943070769,37321.05,out_invoice
187,0.04780001472681761,47943.57,out_refund
188,0.0515999854542315,11730.5,out_invoice
189,0.049200025387108326,19626.05,out_refund
190,0.047200010158121586,14170.89,out_invoice
191,0.04819995956495404,3999.46,in_invoice
192,0.04539999645203352,28811.67,in_invoice
193,0.04009995609521866,40148.26,in_invoice
194,0.04090002039447427,23685.97,out_refund
195,0.054500007536262274,30764.73,out_refund
196,0.04859996261075139,4067.47,in_invoice
197,0.04339998122304678,10833.04,in_refund
198,0.04919996717944741,3696.88,out_refund
199,0.047600013203918934,9172.02,out_invoice
200,0.05440000677481294,28386.19,in_invoice
201,0.06160000339150429,46822.61,in_refund
202,0.05540001438930631,39002.5,out_refund
203,0.04919996717944741,4464.88,in_invoice
204,0.04269997589290142,5730.57,out_invoice
205,0.06009999196976423,12864.66,out_invoice
206,0.08369999704882503,17240.12,in_refund
207,0.0700999516993761,32859.83,out_refund
208,0.0523999915458262,22243.58,out_refund
209,0.05099998088553548,19892.61,in_refund
210,0.08220004383474588,47384.87,out_refund
211,0.05760003114119172,45793.77,in_refund
212,0.05099998088553548,2178.15,out_invoice
213,0.05069997860118747,6974.83,in_refund
214,0.05319999763742089,37990.89,in_invoice
215,0.05830003647133708,20922.96,in_refund
216,0.05119998240843415,40887.21,out_refund
217,0.047200010158121586,33400.2,in_refund
218,0.04830001853406429,39916.6,out_refund
219,0.0703000114299357,32513.89,out_refund
220,0.06530003156512976,9548.6,in_refund
221,0.0391000066883862,36401.7,in_refund
222,0.034299970138818026,13066.35,in_invoice
223,0.04539999645203352,9761.14,in_invoice
224,0.0708999577909708,24463.71,in_invoice
225,0.05559995770454407,6766.39,in_refund
226,0.05019997479394078,14528.83,in_invoice
227,0.041899969801306725,21820.09,in_refund
228,0.04469999112188816,6700.96,in_invoice
229,0.048099958803504705,27717.65,in_refund
230,0.05299999611452222,11463.92,out_invoice
231,0.04640000406652689,17274.26,in_invoice
232,0.038700003642588854,15317.41,in_refund
233,0.05099998088553548,20802.82,out_invoice
234,0.052200048230588436,34754.99,in_invoice
235,0.05490001058205962,22348.11,out_invoice
236,0.04080001963302493,31678.89,in_refund
237,0.04740001168102026,27999.89,out_invoice
238,0.059399986639618874,42929.92,in_refund
239,0.04139996599406004,36092.38,in_invoice
240,0.049799971748143435,33032.45,out_refund
241,0.05470000905916095,12686.02,in_refund
242,0.08239998714998364,26051.66,in_refund
243,0.055999960750341415,13968.55,in_refund
244,0.055800017435103655,10435.28,out_refund
245,0.057100027333945036,34453.35,out_refund
246,0.04650000482797623,34378.03,in_refund
247,0.04439998883754015,9791.27,in_refund
248,0.05180004518479109,30910.95,in_invoice
249,0.04950002767145634,4233.72,out_refund
250,0.052799994591623545,23344.7,out_invoice
251,0.050499977078288794,47961.71,in_invoice
252,0.04279997665435076,12174.78,out_refund
253,0.05119998240843415,8150.4,out_refund
254,0.04329998046159744,47036.6,in_refund
255,0.0523999915458262,31926.42,out_invoice
256,0.054500007536262274,9505.47,in_refund
257,0.04759995499625802,18690.3,out_refund
258,0.053800002206116915,38942.66,out_refund
259,0.051600043661892414,47092.07,out_invoice
260,0.055500015150755644,8096.41,in_refund
261,0.04499999340623617,7311.81,in_invoice
262,0.0467000063508749,8521.43,out_refund
263,0.044899992644786835,20538.88,in_invoice
264,0.04309997893869877,19258.0,out_refund
265,0.05440000677481294,18470.25,in_invoice
266,0.056100019719451666,45105.71,in_invoice
267,0.04390004323795438,30009.36,out_invoice
268,0.04770001396536827,5606.15,in_refund
269,0.05110003985464573,33411.51,out_refund
270,0.06250001024454832,18323.71,out_invoice
271,0.0619000056758523,41613.62,out_invoice
272,0.057299970649182796,6803.2,in_refund
273,0.0543000060133636,22597.74,out_invoice
274,0.05129998316988349,36394.73,in_refund
275,0.05560001591220498,15370.75,out_invoice
276,0.05470000905916095,26667.02,in_refund
277,0.04610000178217888,9783.07,out_refund
278,0.083099992480129,2191.36,in_refund
279,0.060699996538460255,19237.77,in_invoice
280,0.05500001134350896,28546.63,out_refund
281,0.04970002919435501,30496.04,out_refund
282,0.04640000406652689,32344.06,in_invoice
283,0.04429998807609081,42369.95,in_invoice
284,0.05370000144466758,9939.85,out_refund
285,0.06960000609979033,28554.0,in_invoice
286,0.04980002995580435,18957.96,out_invoice
287,0.04469999112188816,5611.19,out_refund
288,0.045900000259280205,14229.16,out_invoice
289,0.051799986977130175,20132.79,out_refund
290,0.05229999078437686,21289.44,in_invoice
291,0.04539999645203352,43684.82,out_invoice
292,0.05490001058205962,28152.55,in_invoice
293,0.05129998316988349,43206.16,in_refund
294,0.045599997974932194,19089.73,in_refund
295,0.047600013203918934,21585.31,out_invoice
296,0.041700026486068964,19132.95,in_invoice
297,0.04250003257766366,38461.95,in_refund
298,0.044199987314641476,8768.59,in_invoice
299,0.04630000330507755,39027.35,in_refund
300,0.049600028432905674,1676.72,out_invoice
301,0.04579999949783087,30380.44,in_invoice
302,0.04109996370971203,37934.9,in_invoice
303,0.04060001811012626,18713.43,out_invoice
304,0.04210002953186631,9078.16,in_refund
305,0.05390000296756625,45635.25,out_invoice
306,0.07770000956952572,35907.04,out_invoice
307,0.0467000063508749,14861.5,in_refund
308,0.04239997360855341,45931.85,out_invoice
309,0.044599990360438824,25281.86,in_refund
310,0.057800032664090395,25418.73,in_refund
311,0.05180004518479109,31504.89,in_refund
312,0.045900000259280205,24411.08,in_refund
313,0.060399994254112244,45764.14,in_refund
314,0.07700000423938036,7152.89,out_invoice
315,0.05860003875568509,47004.86,out_refund
316,0.053499999921768904,39469.06,out_invoice
317,0.054999953135848045,29767.28,out_refund
318,0.06120000034570694,46471.48,out_invoice
319,0.042199972085654736,25046.81,in_refund
320,0.0488999648950994,11945.54,out_refund
321,0.04020001506432891,21955.66,out_refund
322,0.04549999721348286,49896.29,in_invoice
323,0.04309997893869877,33438.02,in_invoice
324,0.052799994591623545,15839.65,out_refund
325,0.04600000102072954,30423.49,in_refund
326,0.04299997817724943,36297.57,out_refund
327,0.047200010158121586,27764.43,in_invoice
328,0.06609997944906354,46968.03,in_invoice
329,0.06120000034570694,26533.6,in_invoice
330,0.0667999847792089,12030.05,in_invoice
331,0.05199998850002885,17086.98,in_refund
332,0.05489995237439871,26982.28,in_refund
333,0.050099974032491446,29054.42,in_refund
334,0.050099974032491446,42851.55,out_refund
335,0.038300000596791506,36023.75,out_invoice
336,0.03060000017285347,6346.12,out_refund
337,0.02940004924312234,43858.17,out_refund
338,0.03920000744983554,12753.16,in_invoice
339,0.04329998046159744,4244.37,in_invoice
340,0.05360000068321824,43386.89,out_invoice
341,0.04830001853406429,25411.03,in_refund
342,0.044899992644786835,28995.65,out_invoice
343,0.04710000939667225,540.71,in_invoice
344,0.040700018871575594,15022.29,in_invoice
345,0.05809997674077749,21320.41,in_invoice
346,0.041899969801306725,46020.02,in_invoice
347,0.0371999922208488,1757.93,out_invoice
348,0.039300008211284876,2934.01,in_refund
349,0.04169996827840805,34590.95,in_invoice
350,0.05189998773857951,5934.94,out_invoice
351,0.04369998350739479,48049.57,out_refund
352,0.04880002234131098,27208.72,out_invoice
353,0.07299997378140688,34868.04,in_invoice
354,0.05269999383017421,11337.55,out_invoice
355,0.0646000262349844,32387.54,out_refund
356,0.04850002005696297,39517.32,out_refund
357,0.05080003757029772,44622.25,out_invoice
358,0.043599982745945454,2396.62,out_invoice
359,0.04439998883754015,7347.55,in_invoice
360,0.05809997674077749,12149.44,out_invoice
361,0.04799995804205537,29630.76,in_refund
362,0.050499977078288794,38833.91,out_invoice
363,0.04349998198449612,47685.88,in_invoice
364,0.0363999861292541,16685.63,in_refund
365,0.04249997437000275,9711.07,out_refund
366,0.0496999709866941,49812.38,out_refund
367,0.05099998088553548,11300.73,in_invoice
368,0.04700000863522291,1699.92,in_refund
369,0.03409996861591935,7600.26,in_refund
370,0.08490000618621707,28590.68,in_refund
371,0.05929998587816954,17599.89,out_invoice
372,0.050799979362636805,48390.59,in_invoice
373,0.04899996565654874,20130.04,in_invoice
374,0.05039997631683946,44888.78,in_refund
375,0.049399968702346087,32367.17,out_invoice
376,0.05339999916031957,2569.08,in_invoice
377,0.048900023102760315,28662.32,out_invoice
378,0.049600028432905674,24751.25,in_invoice
379,0.04829996032640338,48233.69,in_refund
380,0.04449998959898949,35920.92,in_invoice
381,0.055999960750341415,38031.34,in_invoice
382,0.06079999729990959,46021.84,in_refund
383,0.06310001481324434,27623.45,out_invoice
384,0.04950002767145634,13981.17,in_refund
385,0.047200010158121586,25063.1,in_refund
386,0.05189998773857951,44057.01,out_refund
387,0.044300046283751726,44892.84,in_invoice
388,0.044899992644786835,32145.83,out_refund
389,0.04249997437000275,22888.39,out_refund
390,0.07939996430650353,34735.14,out_refund
391,0.05069997860118747,25002.02,out_invoice
392,0.04630000330507755,7387.26,out_invoice
393,0.051799986977130175,42743.49,out_refund
394,0.04409998655319214,28765.46,out_refund
395,0.04919996717944741,13820.98,in_invoice
396,0.06290001329034567,27704.19,in_refund
397,0.05329999839887023,25851.45,out_invoice
398,0.053499999921768904,14218.25,out_invoice
399,0.063000014051795,35377.45,out_invoice
400,0.04600000102072954,11280.78,in_refund
401,0.060399994254112244,654.6,out_refund
402,0.05039997631683946,20447.85,in_invoice
403,0.047399953473359346,34698.69,in_invoice
404,0.047200010158121586,21908.53,in_refund
405,0.04529999569058418,27802.52,out_invoice
406,0.05039997631683946,19214.68,out_refund
407,0.05069997860118747,29375.99,out_invoice
408,0.04719995195046067,1180.58,out_refund
409,0.04600000102072954,2256.31,out_refund
410,0.05900004180148244,6828.98,out_refund
411,0.04970002919435501,34590.75,in_invoice
412,0.048900023102760315,7452.74,in_invoice
413,0.043700041715055704,42247.26,out_refund
414,0.050600036047399044,30092.0,in_invoice
415,0.05520001286640763,23715.75,out_invoice
416,0.04509999416768551,31413.51,out_invoice
417,0.04220003029331565,32721.8,out_invoice
418,0.0418000272475183,9203.0,out_refund
419,0.05140004213899374,25631.62,out_invoice
420,0.04610000178217888,808.99,in_invoice
421,0.03789999755099416,20616.54,out_refund
422,0.036100042052567005,5166.73,in_refund
423,0.03530003596097231,46836.39,in_refund
424,0.043300038669258356,39107.14,out_invoice
425,0.053099996875971556,3032.94,in_refund
426,0.04539999645203352,26983.34,in_invoice
427,0.05269999383017421,18189.0,out_refund
428,0.07339997682720423,5309.78,out_refund
429,0.046200002543628216,8864.93,in_refund
430,0.06160000339150429,32197.05,out_refund
431,0.04819995956495404,8124.45,out_refund
432,0.046200002543628216,39423.85,out_invoice
433,0.05219999002292752,21069.56,in_invoice
434,0.05169998621568084,12040.42,in_refund
435,0.05789997521787882,32666.95,in_invoice
436,0.0714000198058784,12481.79,out_refund
437,0.04930002614855766,48948.24,out_invoice
438,0.04950002767145634,5372.55,out_refund
439,0.04700000863522291,38564.93,in_invoice
440,0.06989995017647743,22844.01,out_refund
441,0.05289999535307288,45365.55,out_refund
442,0.04870002157986164,1853.57,in_invoice
443,0.04880002234131098,39295.64,in_refund
444,0.054100004490464926,36948.36,out_refund
445,0.05390000296756625,20106.93,in_refund
446,0.04759995499625802,46832.93,out_refund
447,0.056100019719451666,38953.35,out_refund
448,0.062000006437301636,24085.61,in_refund
449,0.05089998012408614,33281.62,out_refund
450,0.06260001100599766,38819.84,out_refund
451,0.061400001868605614,28592.25,in_invoice
452,0.04819995956495404,34160.25,out_refund
453,0.05219999002292752,11260.8,out_refund
454,0.046600005589425564,18623.81,out_invoice
455,0.05709996912628412,49822.98,out_refund
456,0.05059997783973813,7472.42,in_invoice
457,0.06169994594529271,7318.27,out_invoice
458,0.05889998283237219,2330.73,out_invoice
459,0.05440000677481294,20383.67,out_invoice
460,0.056500022765249014,13834.09,out_invoice
461,0.046200002543628216,14672.6,in_invoice
462,0.08109997725114226,42894.19,out_invoice
463,0.06790005136281252,21833.71,in_refund
464,0.06059999577701092,14744.48,out_refund
465,0.05760003114119172,42677.38,out_refund
466,0.05329999839887023,28849.81,out_refund
467,0.04830001853406429,38749.31,out_refund
468,0.045599997974932194,32442.4,out_refund
469,0.052099989261478186,30279.42,in_invoice
470,0.05720002809539437,22075.39,out_invoice
471,0.056500022765249014,708.86,in_refund
472,0.0513000413775444,42924.21,in_refund
473,0.06849999772384763,21982.3,out_invoice
474,0.05319999763742089,20248.02,in_invoice
475,0.05500001134350896,49896.45,out_invoice
476,0.04900002386420965,15499.75,in_invoice
477,0.04650000482797623,24846.15,out_refund
478,0.04369998350739479,25162.01,out_refund
479,0.04759995499625802,11659.72,out_invoice
480,0.056200020480901,23919.78,out_refund
481,0.04610000178217888,20877.39,out_invoice
482,0.044899992644786835,16911.42,out_refund
483,0.05500001134350896,15213.95,in_invoice
484,0.06600003689527512,19488.93,out_invoice
485,0.054800009820610285,27910.16,in_invoice
486,0.046600005589425564,1174.03,out_invoice
487,0.046799948904663324,10663.25,out_refund
488,0.04429998807609081,2537.92,in_invoice
489,0.045599997974932194,23474.79,out_invoice
490,0.05289999535307288,7852.78,in_invoice
491,0.04930002614855766,25403.23,in_invoice
492,0.051499984692782164,2598.97,out_invoice
493,0.05269999383017421,1024.34,out_invoice
494,0.07730000652372837,4861.04,out_refund
495,0.050200033001601696,14761.64,in_invoice
496,0.05299999611452222,5084.0,in_refund
497,0.07179996464401484,1826.97,out_invoice
498,0.05229999078437686,27845.31,in_refund
499,0.05010003224015236,4159.74,in_invoice
500,0.0610999995842576,31993.28,out_refund
501,0.056500022765249014,42596.1,out_invoice
502,0.05870003951713443,34361.72,in_refund
503,0.05520001286640763,2706.47,in_refund
504,0.059500045608729124,11946.48,in_refund
505,0.05590001819655299,4105.07,out_invoice
506,0.04810001701116562,33679.78,out_refund
507,0.04429998807609081,20051.06,in_refund
508,0.04380004247650504,15772.01,out_refund
509,0.03920000744983554,15583.47,out_refund
510,0.0974999857135117,38899.8,out_invoice
511,0.07100001676008105,958.21,out_refund
512,0.06480002775788307,9558.03,in_invoice
513,0.04499999340623617,29932.0,out_invoice
514,0.04379998426884413,23054.89,out_invoice
515,0.056299963034689426,38713.99,in_invoice
516,0.04120002267882228,22725.79,out_refund
517,0.05030003376305103,5063.45,in_invoice
518,0.0447999918833375,48633.27,out_refund
519,0.044899992644786835,17544.48,in_invoice
520,0.06339995888993144,29522.75,out_invoice
521,0.06359996041283011,27255.49,in_invoice
522,0.047399953473359346,12056.6,out_refund
523,0.05420000525191426,43194.48,in_refund
524,0.04730001091957092,12135.69,in_invoice
525,0.05400000372901559,18905.46,out_invoice
526,0.05370000144466758,674.37,out_invoice
527,0.04780001472681761,13816.4,in_invoice
528,0.04650000482797623,42898.8,in_refund
529,0.04629994509741664,7663.76,out_invoice
530,0.050499977078288794,43736.66,in_refund
531,0.07870001718401909,29549.02,in_refund
532,0.05199998850002885,27851.96,out_refund
533,0.04929996794089675,6116.52,in_invoice
534,0.058999983593821526,31179.6,in_invoice
535,0.05779997445642948,44737.22,out_invoice
536,0.054800009820610285,32400.62,out_refund
537,0.052799994591623545,37935.9,in_invoice
538,0.049200025387108326,13288.22,in_refund
539,0.047399953473359346,15313.64,in_invoice
540,0.052499992307275534,8782.67,in_invoice
541,0.048799964133650064,28672.92,in_invoice
542,0.04680000711232424,35886.43,in_refund
543,0.05600001895800233,31981.57,in_refund
544,0.04630000330507755,31468.54,out_invoice
545,0.057399971410632133,32833.33,in_invoice
546,0.04859996261075139,4326.77,out_invoice
547,0.05540001438930631,27271.89,out_invoice
548,0.05030003376305103,44963.29,in_invoice
549,0.04680000711232424,3368.68,out_refund
550,0.0515999854542315,24625.46,in_invoice
551,0.05030003376305103,11740.72,in_refund
552,0.047600013203918934,29259.32,out_refund
553,0.048799964133650064,23121.37,in_invoice
554,0.05789997521787882,20184.56,in_invoice
555,0.055699958465993404,312.4,in_invoice
556,0.04870002157986164,8433.29,in_refund
557,0.052499992307275534,3537.53,out_invoice
558,0.05400000372901559,42752.24,in_refund
559,0.048600020818412304,44169.74,in_refund
560,0.05319999763742089,48959.34,out_invoice
561,0.048600020818412304,41945.28,out_refund
562,0.04650000482797623,31242.09,in_invoice
563,0.04610000178217888,7880.7,out_invoice
564,0.04880002234131098,30700.84,out_refund
565,0.05269999383017421,35063.87,in_refund
566,0.04929996794089675,39633.63,in_invoice
567,0.04640000406652689,8788.53,out_invoice
568,0.07740000728517771,49687.66,in_refund
569,0.05019997479394078,28484.4,out_invoice
570,0.053499999921768904,37128.94,out_refund
571,0.05219999002292752,43881.42,out_refund
572,0.047200010158121586,5940.58,in_refund
573,0.05170004442334175,23206.99,in_refund
574,0.04880002234131098,43449.26,in_refund
575,0.05219999002292752,37602.91,in_invoice
576,0.04740001168102026,5573.69,in_refund
577,0.04610000178217888,1228.67,out_invoice
578,0.045900000259280205,19035.77,in_refund
579,0.05370000144466758,42829.3,out_invoice
580,0.0523999915458262,47144.69,in_refund
581,0.048600020818412304,34885.21,in_refund
582,0.06739998934790492,22209.44,in_invoice
583,0.04930002614855766,150.23,out_invoice
584,0.04429998807609081,31004.68,out_invoice
585,0.05089998012408614,16870.68,in_invoice
586,0.04710000939667225,9766.04,in_refund
587,0.042700034100562334,34089.93,in_invoice
588,0.045199994929134846,2217.25,out_invoice
589,0.06549997488036752,39236.75,out_refund
590,0.06250001024454832,42606.06,out_refund
591,0.047900015488266945,6905.86,out_refund
592,0.05280005279928446,21885.25,out_invoice
593,0.06390002090483904,41863.02,in_refund
594,0.05339999916031957,45318.88,out_refund
595,0.049399968702346087,32806.09,in_refund
596,0.04630000330507755,28349.85,in_refund
597,0.04900002386420965,11410.78,out_refund
598,0.04870002157986164,8916.71,in_invoice
599,0.047900015488266945,48919.77,out_refund
600,0.05099998088553548,3607.94,out_invoice
601,0.050799979362636805,6494.85,in_refund
602,0.047600013203918934,11740.45,in_invoice
603,0.04830001853406429,36458.67,in_invoice
604,0.0817000400274992,3566.82,out_refund
605,0.04900002386420965,33197.75,out_refund
606,0.047900015488266945,17279.41,out_invoice
607,0.04880002234131098,31191.0,out_refund
608,0.06910000229254365,37598.11,out_invoice
609,0.06500002928078175,21782.66,out_invoice
610,0.037299992982298136,26534.36,in_refund
611,0.03090000245720148,19064.62,in_refund
612,0.029199989512562752,32338.03,in_refund
613,0.02870004391297698,43273.33,out_invoice
614,0.030499999411404133,47149.72,out_invoice
615,0.029399991035461426,46991.15,out_invoice
616,0.02889998722821474,49811.5,out_invoice
617,0.03160000778734684,33998.96,in_invoice
618,0.06260001100599766,19402.32,out_refund
619,0.06359996041283011,32348.55,out_refund
620,0.04600000102072954,26843.47,in_invoice
621,0.04040001658722758,20154.66,out_invoice
622,0.04929996794089675,39669.83,out_invoice
623,0.049499969463795424,29063.64,out_invoice
624,0.034999975468963385,16601.61,in_invoice
625,0.029399991035461426,24003.85,out_refund
626,0.035299977753311396,26789.17,in_invoice
627,0.06920000305399299,5938.1,out_invoice
628,0.03679998917505145,18469.01,out_refund
629,0.03589998232200742,25067.69,out_refund
630,0.054800009820610285,49264.61,in_refund
631,0.049600028432905674,13226.41,in_refund
632,0.07389998063445091,27006.03,out_refund
633,0.06559997564181685,37174.49,in_invoice
634,0.06009999196976423,13250.59,in_refund
635,0.06410002242773771,35668.88,out_invoice
636,0.05730002885684371,39420.4,in_refund
637,0.06690004374831915,47784.35,in_invoice
638,0.0858000130392611,13095.54,in_invoice
639,0.05779997445642948,43680.35,out_invoice
640,0.05660002352669835,15554.57,in_invoice
641,0.07619999814778566,7799.6,in_invoice
642,0.057699973694980145,31500.0,in_invoice
643,0.050099974032491446,23734.57,out_invoice
644,0.04769995575770736,1488.86,in_invoice
645,0.053800002206116915,20065.96,out_refund
646,0.04830001853406429,7333.42,in_refund
647,0.04569999873638153,24393.21,in_invoice
648,0.047600013203918934,6415.37,in_refund
649,0.047200010158121586,16503.83,out_refund
650,0.05420000525191426,25117.41,in_invoice
651,0.05670002428814769,30558.66,out_refund
652,0.07509998977184296,20321.02,out_invoice
653,0.06910000229254365,5701.5,in_invoice
654,0.05140004213899374,39769.79,out_refund
655,0.051499984692782164,46242.32,out_refund
656,0.04600000102072954,22250.14,out_refund
657,0.043599982745945454,1437.45,in_refund
658,0.044300046283751726,42796.5,in_refund
659,0.04309997893869877,15588.69,in_refund
660,0.04870002157986164,8814.34,out_refund
661,0.1922000083141029,47683.06,in_invoice
662,0.07379997987300158,32790.1,in_invoice
663,0.0686999992467463,48939.23,in_refund
664,0.1501000369898975,13501.65,in_invoice
665,0.1984999980777502,9732.63,in_refund
666,0.0743999844416976,37004.18,in_refund
667,0.05139998393133283,29471.28,in_invoice
668,0.11550000635907054,13299.91,out_invoice
669,0.0657000346109271,13423.69,out_invoice
670,0.05299999611452222,41174.64,out_invoice
671,0.050499977078288794,43473.8,out_refund
672,0.04899996565654874,16719.34,out_invoice
673,0.17919996753335,43557.07,in_refund
674,0.10790000669658184,26499.52,out_refund
675,0.11000002268701792,16681.97,in_invoice
676,0.07700000423938036,17091.03,in_refund
677,0.059399986639618874,23575.99,out_invoice
678,0.0523999915458262,19410.1,out_invoice
679,0.06920000305399299,48014.77,out_invoice
680,0.13070000568404794,44827.98,in_invoice
681,0.07830001413822174,41216.71,out_refund
682,0.06660004146397114,17355.98,in_invoice
683,0.10659999679774046,30997.14,out_invoice
684,0.17209997167810798,44998.67,out_invoice
685,0.21740002557635307,10270.58,in_invoice
686,0.0743999844416976,2545.16,in_invoice
687,0.0800999696366489,11111.82,out_invoice
688,0.06439996650442481,35035.01,in_invoice
689,0.04829996032640338,32911.09,out_refund
690,0.10040000779554248,9024.93,in_invoice
691,0.08239998714998364,34007.42,in_invoice
692,0.04550005542114377,9604.78,in_invoice
693,0.04740001168102026,24915.47,out_refund
694,0.04240003181621432,23751.8,in_invoice
695,0.042599975131452084,9506.02,out_invoice
696,0.049099966417998075,6965.96,in_refund
697,0.043599982745945454,5522.25,in_invoice
698,0.04740001168102026,34379.06,out_refund
699,0.10820000898092985,4675.07,in_refund
700,0.08849997539073229,41840.12,out_invoice
701,0.06220000796020031,43551.48,out_invoice
702,0.05030003376305103,48593.27,out_refund
703,0.04710000939667225,16416.74,in_refund
704,0.04630000330507755,37412.92,out_refund
705,0.05640002200379968,27731.63,out_refund
706,0.05299999611452222,26109.71,out_refund
707,0.04810001701116562,14589.2,out_refund
708,0.04680000711232424,45823.53,in_invoice
709,0.04749995423480868,44708.5,out_invoice
710,0.053099996875971556,168.79,in_invoice
711,0.04900002386420965,14282.67,out_refund
712,0.0488999648950994,1098.9,in_invoice
713,0.04899996565654874,12000.89,in_invoice
714,0.05289999535307288,49447.78,in_refund
715,0.056200020480901,44820.57,in_refund
716,0.049099966417998075,23245.65,in_invoice
717,0.05759997293353081,34274.02,out_invoice
718,0.04989997250959277,48169.19,out_invoice
719,0.04849996184930205,17762.51,out_invoice
720,0.05520001286640763,6917.75,in_invoice
721,0.05000003147870302,40398.18,out_refund
722,0.04930002614855766,33687.36,out_invoice
723,0.049600028432905674,11681.13,out_refund
724,0.04610000178217888,46147.17,out_invoice
725,0.052499992307275534,38214.54,in_invoice
726,0.04880002234131098,16777.22,in_refund
727,0.0515999854542315,46032.35,out_refund
728,0.04780001472681761,19767.88,in_invoice
729,0.07209996692836285,4476.25,in_refund
730,0.056699966080486774,13436.66,in_refund
731,0.05039997631683946,9522.85,in_invoice
732,0.04859996261075139,41077.95,in_invoice
733,0.05630002124235034,39744.19,out_refund
734,0.04989997250959277,2559.19,out_refund
735,0.05339999916031957,47884.04,out_invoice
736,0.049499969463795424,43514.2,in_invoice
737,0.09250000584870577,20941.52,in_refund
738,0.10579999070614576,3052.02,in_invoice
739,0.049499969463795424,18284.5,out_refund
740,0.16840000171214342,37607.36,in_refund
741,0.09160005720332265,37166.86,in_refund
742,0.8989999769255519,39072.08,in_refund
743,0.07419998291879892,15302.57,out_refund
744,0.053099996875971556,36369.26,in_refund
745,0.06680004298686981,3062.59,out_refund
746,0.051499984692782164,38721.86,out_invoice
747,0.04910002462565899,48729.79,out_invoice
748,0.04719995195046067,44766.86,out_refund
749,0.06839999696239829,30795.11,in_invoice
750,0.15000003622844815,9923.26,out_invoice
751,0.05859998054802418,35806.88,in_invoice
752,0.045599997974932194,17170.15,out_refund
753,0.06520003080368042,25764.64,out_invoice
754,0.04579999949783087,3689.26,in_invoice
755,0.053099996875971556,11743.54,out_refund
756,0.045900000259280205,6641.55,in_invoice
757,0.04650000482797623,10225.16,out_refund
758,0.04640000406652689,36525.19,out_invoice
759,0.05589995998889208,17199.19,in_refund
760,0.05779997445642948,41903.84,out_invoice
761,0.12440001592040062,12469.31,in_invoice
762,0.06500002928078175,4306.38,in_invoice
763,0.054800009820610285,42321.81,in_invoice
764,0.04959997022524476,1088.82,in_refund
765,0.05579995922744274,47324.21,in_refund
766,0.051499984692782164,48963.18,out_invoice
767,0.04730001091957092,6419.98,out_invoice
768,0.044899992644786835,12289.24,out_refund
769,0.04799995804205537,38228.79,in_refund
770,0.06150000263005495,47946.77,out_refund
771,0.04899996565654874,17717.72,in_refund
772,0.0475000124424696,1773.06,out_refund
773,0.04549999721348286,5640.03,out_refund
774,0.04740001168102026,10632.95,out_refund
775,0.05370000144466758,7524.93,out_refund
776,0.04829996032640338,40389.21,in_invoice
777,0.046900007873773575,22564.31,out_refund
778,0.053499999921768904,1939.05,out_refund
779,0.049799971748143435,17405.9,in_invoice
780,0.48049999168142676,2808.41,in_refund
781,0.13829994713887572,49302.53,in_refund
782,0.0771000050008297,17508.34,out_refund
783,0.06689998554065824,3149.87,in_refund
784,0.05930004408583045,3020.11,in_refund
785,0.06350001785904169,26381.93,out_invoice
786,0.05900004180148244,1029.15,in_refund
787,0.05720002809539437,22266.47,in_refund
788,0.17040001694113016,27366.29,out_refund
789,0.09579997276887298,24734.82,in_refund
790,0.06469996878877282,40197.53,out_invoice
791,0.05319999763742089,41065.92,in_invoice
792,0.039700011257082224,47707.88,out_refund
793,0.03689998993650079,42098.9,out_invoice
794,0.04280003486201167,3927.23,in_refund
795,0.0754999928176403,30372.01,out_invoice
796,0.050600036047399044,7733.99,out_invoice
797,0.04870002157986164,16121.68,in_invoice
798,0.04680000711232424,37204.72,out_refund
799,0.07229996845126152,2166.6,out_refund
800,0.07409998215734959,24930.89,in_refund
801,0.06360001862049103,7297.53,in_invoice
802,0.09419996058568358,25356.81,in_invoice
803,0.06239995127543807,37304.71,out_invoice
804,0.05019997479394078,26225.04,out_invoice
805,0.07379997987300158,15494.84,out_refund
806,0.04449998959898949,34381.45,out_invoice
807,0.03339996328577399,23767.27,in_invoice
808,0.042599975131452084,28554.26,out_invoice
809,0.03809999907389283,48660.28,out_refund
810,0.04429998807609081,25056.34,in_invoice
811,0.04880002234131098,16370.17,out_refund
812,0.039300008211284876,6381.94,in_invoice
813,0.04600000102072954,25736.82,in_refund
814,0.07329997606575489,32688.77,in_refund
815,0.15570002142339945,49104.29,out_invoice
816,0.07290003122761846,38957.26,out_invoice
817,0.060999998822808266,14330.77,out_invoice
818,0.06160000339150429,28855.05,in_refund
819,0.057299970649182796,20355.36,out_refund
820,0.061700004152953625,12023.56,in_refund
821,0.059100042562931776,26039.15,out_refund
822,0.05490001058205962,38505.89,out_refund
823,0.06210000719875097,18397.32,in_invoice
824,0.057299970649182796,15560.32,out_refund
825,0.061400001868605614,35286.56,out_refund
826,0.08490000618621707,42512.3,in_refund
827,0.11289998656138778,14441.93,out_refund
828,0.125700025819242,46201.5,in_refund
829,0.07150002056732774,9832.75,in_invoice
830,0.07760000880807638,23474.46,in_refund
831,0.07960002403706312,25217.55,out_refund
832,0.07300003198906779,2291.68,out_invoice
833,0.07160002132877707,8116.44,in_refund
834,0.07800001185387373,4675.93,in_refund
835,0.0714000198058784,37214.56,out_invoice
836,0.05180004518479109,39933.68,out_refund
837,0.24319998919963837,20681.29,in_invoice
838,0.07879995973780751,6470.92,in_refund
839,0.0591999851167202,48626.26,in_invoice
840,0.08329999400302768,8455.34,in_invoice
841,0.09200000204145908,12905.05,out_invoice
842,0.11879997327923775,23835.61,in_invoice
843,0.05089998012408614,17296.47,in_invoice
844,0.048799964133650064,48054.94,in_invoice
845,0.08560001151636243,18428.61,out_refund
846,0.06120000034570694,11203.87,in_refund
847,0.051799986977130175,37591.52,in_refund
848,0.1370999962091446,45723.49,in_invoice
849,0.14519999967887998,2649.95,out_invoice
850,0.1715999678708613,43989.63,out_invoice
851,0.30690000858157873,33177.21,out_refund
852,0.4288000054657459,42627.17,in_invoice
853,0.06569997640326619,42475.84,in_invoice
854,0.051799986977130175,33999.12,in_invoice
855,0.13230001786723733,968.98,in_invoice
856,0.061400001868605614,36780.55,out_invoice
857,0.053800002206116915,19243.18,in_invoice
858,0.04740001168102026,39929.36,in_refund
859,0.04700000863522291,42394.05,out_refund
860,0.060399994254112244,40179.48,out_refund
861,0.0640999642200768,5530.16,out_refund
862,0.18800003454089165,39470.68,out_invoice
863,0.0860999571159482,34453.37,out_refund
864,0.10249996557831764,18944.39,in_invoice
865,0.0651999725960195,17034.46,in_refund
866,0.049499969463795424,19773.54,out_invoice
867,0.047799956519156694,7469.75,in_invoice
868,0.04770001396536827,12912.63,out_refund
869,0.05169998621568084,5255.35,in_invoice
870,0.10070001007989049,47202.75,out_invoice
871,0.09450002107769251,27013.81,out_refund
872,0.05760003114119172,14127.4,out_refund
873,0.05560001591220498,43772.14,in_invoice
874,0.04850002005696297,17964.19,in_refund
875,0.05259999306872487,40908.75,out_refund
876,0.053800002206116915,21525.21,in_refund
877,0.05360000068321824,14833.07,out_refund
878,0.08450000314041972,21729.91,in_invoice
879,0.04600000102072954,24354.26,in_invoice
880,0.052499992307275534,28187.03,in_refund
881,0.04090002039447427,41294.46,out_refund
882,0.051200040616095066,32852.98,in_refund
883,0.04220003029331565,10949.18,in_refund
884,0.03960001049563289,32623.17,out_invoice
885,0.05169998621568084,46082.02,out_refund
886,0.04980002995580435,22509.25,in_refund
887,0.06400002166628838,12209.95,out_invoice
888,0.13990001752972603,27785.29,in_refund
889,0.09540002793073654,5872.53,out_refund
890,0.11590000940486789,34024.68,out_refund
891,0.06689998554065824,34203.61,out_refund
892,0.052099989261478186,45282.01,in_refund
893,0.04780001472681761,7600.34,in_refund
894,0.04789995728060603,3941.27,in_invoice
895,0.05719996988773346,45958.6,out_refund
896,0.09220000356435776,254.38,in_refund
897,0.34120003692805767,43636.1,out_invoice
898,0.10469998233020306,10417.04,in_invoice
899,0.052099989261478186,4385.79,out_invoice
900,0.060100050177425146,7869.62,in_refund
901,0.06009999196976423,4287.05,out_invoice
902,0.054500007536262274,27039.03,in_invoice
903,0.05199998850002885,33201.32,out_refund
904,0.04789995728060603,19239.89,in_invoice
905,0.06859999848529696,49474.92,in_invoice
906,0.08450000314041972,19810.95,in_invoice
907,0.05789997521787882,5126.96,out_refund
908,0.056299963034689426,41334.86,out_refund
909,0.05530001362785697,21605.96,in_invoice
910,0.05269999383017421,6316.92,out_invoice
911,0.05070003680884838,39542.26,in_refund
912,0.05150004290044308,47982.96,in_invoice
913,0.04610000178217888,26639.25,in_invoice
914,0.047399953473359346,37627.51,in_invoice
915,0.0610999995842576,31135.94,in_refund
916,0.052499992307275534,44980.19,out_refund
917,0.053099996875971556,39569.47,in_refund
918,0.04899996565654874,2984.67,out_invoice
919,0.059399986639618874,47978.12,out_invoice
920,0.0513000413775444,49724.48,in_invoice
921,0.045199994929134846,17450.62,in_invoice
922,0.05400000372901559,42924.65,in_invoice
923,0.07310003275051713,26987.55,out_refund
924,0.05660002352669835,30328.39,out_refund
925,0.05730002885684371,40218.51,in_invoice
926,0.04930002614855766,45457.87,out_invoice
927,0.047200010158121586,23910.89,in_refund
928,0.04849996184930205,47689.46,in_invoice
929,0.056200020480901,4748.75,out_invoice
930,0.10930001735687256,35712.05,out_refund
931,0.07259997073560953,13617.28,out_invoice
932,0.04840001929551363,18484.39,in_invoice
933,0.04840001929551363,26724.95,in_refund
934,0.047600013203918934,29676.96,out_refund
935,0.05619996227324009,19240.29,out_refund
936,0.05460000829771161,34840.17,out_invoice
937,0.04850002005696297,1086.44,in_refund
938,0.048600020818412304,4763.18,in_invoice
939,0.04789995728060603,13677.09,out_refund
940,0.11849997099488974,17668.5,in_refund
941,0.04999997327104211,3563.04,in_refund
942,0.05099998088553548,17751.2,in_refund
943,0.04379998426884413,32965.88,in_refund
944,0.040599959902465343,18074.8,in_refund
945,0.042199972085654736,30641.47,out_refund
946,0.03679998917505145,23186.08,in_invoice
947,0.03880000440403819,34014.26,out_refund
948,0.04250003257766366,28686.36,in_refund
949,0.041000021155923605,31866.37,out_invoice
950,0.11260004248470068,11610.77,out_invoice
951,0.045900000259280205,20423.58,in_invoice
952,0.04299997817724943,21769.21,in_refund
953,0.049799971748143435,36077.52,out_invoice
954,0.049099966417998075,22976.43,in_refund
955,0.05819997750222683,12642.2,in_invoice
956,0.05519995465874672,40705.56,in_invoice
957,0.04870002157986164,20152.88,out_invoice
958,0.04290003562346101,19123.32,out_refund
959,0.050099974032491446,47593.44,in_refund
960,0.0619000056758523,10469.01,out_refund
961,0.05760003114119172,6695.74,in_invoice
962,0.0439999857917428,38517.19,out_refund
963,0.042599975131452084,14458.37,out_refund
964,0.04710000939667225,30425.39,out_invoice
965,0.05240004975348711,17866.15,out_refund
966,0.04469999112188816,2047.44,in_invoice
967,0.0467000063508749,45225.78,out_refund
968,0.08460000390186906,18877.67,out_invoice
969,0.11889997404068708,25577.53,in_refund
970,0.0790000194683671,32411.75,in_refund
971,0.05770003190264106,16925.98,out_refund
972,0.2861000248230994,18740.33,out_invoice
973,0.10369997471570969,46055.81,in_refund
974,0.0733000342734158,30455.99,out_refund
975,0.05760003114119172,9626.38,out_invoice
976,0.07930002175271511,30731.62,out_refund
977,0.05259999306872487,11305.8,in_refund
978,0.04640000406652689,47715.8,out_refund
979,0.04440004704520106,20195.15,out_invoice
980,0.05859998054802418,37683.22,in_refund
981,0.0439999857917428,21741.35,in_invoice
982,0.0543000060133636,19088.73,in_refund
983,0.046900007873773575,46244.87,out_invoice
984,0.0447999918833375,25956.67,in_invoice
985,0.07870001718401909,47933.81,in_refund
986,0.049200025387108326,45717.14,in_invoice
987,0.049099966417998075,42171.74,out_invoice
988,0.04579999949783087,9698.65,in_refund
989,0.045900000259280205,26231.33,out_invoice
990,0.059699988923966885,26696.92,in_invoice
991,0.055800017435103655,49809.64,out_refund
992,0.05269999383017421,24244.3,in_invoice
993,0.13270002091303468,2955.76,in_invoice
994,0.05689996760338545,30340.37,out_refund
995,0.05289999535307288,13710.56,in_invoice
996,0.05030003376305103,29258.31,out_refund
997,0.14249997911974788,43756.0,in_refund
998,0.07020001066848636,36716.93,in_refund
999,0.05129998316988349,26523.2,in_refund
1000,0.07750000804662704,25475.09,in_invoice
