object,type,mass_kg,cg_x_m,cg_y_m,cg_z_m,category,source,confidence
BATTERY_TRAY,MESH,MISSING,MISSING,MISSING,MISSING,MISSING,MISSING,MISSING
BAT_MOD_01,MESH,MISSING,MISSING,MISSING,MISSING,MISSING,MISSING,MISSING
BAT_MOD_02,MESH,MISSING,MISSING,MISSING,MISSING,MISSING,MISSING,MISSING
BAT_MOD_03,MESH,MISSING,MISSING,MISSING,MISSING,MISSING,MISSING,MISSING
BAT_MOD_04,MESH,MISSING,MISSING,MISSING,MISSING,MISSING,MISSING,MISSING
BAT_MOD_05,MESH,MISSING,MISSING,MISSING,MISSING,MISSING,MISSING,MISSING
BAT_MOD_06,MESH,MISSING,MISSING,MISSING,MISSING,MISSING,MISSING,MISSING
BMS_CONTROLLER,MESH,MISSING,MISSING,MISSING,MISSING,MISSING,MISSING,MISSING
BOAT_ROOT,EMPTY,MISSING,MISSING,MISSING,MISSING,MISSING,MISSING,MISSING
BOAT_V0_MASTER_PARAMETERS,EMPTY,MISSING,MISSING,MISSING,MISSING,MISSING,MISSING,MISSING
BezierCurve,MESH,MISSING,MISSING,MISSING,MISSING,MISSING,MISSING,MISSING
CAM_BATTERY_SEC,CAMERA,MISSING,MISSING,MISSING,MISSING,MISSING,MISSING,MISSING
CAM_BOW_3Q,CAMERA,MISSING,MISSING,MISSING,MISSING,MISSING,MISSING,MISSING
CAM_BOW_THREEQUARTER,CAMERA,MISSING,MISSING,MISSING,MISSING,MISSING,MISSING,MISSING
CAM_CONSOLE,CAMERA,MISSING,MISSING,MISSING,MISSING,MISSING,MISSING,MISSING
CAM_FRONT,CAMERA,MISSING,MISSING,MISSING,MISSING,MISSING,MISSING,MISSING
CAM_HELM,CAMERA,MISSING,MISSING,MISSING,MISSING,MISSING,MISSING,MISSING
CAM_ISOMETRIC_PORT,CAMERA,MISSING,MISSING,MISSING,MISSING,MISSING,MISSING,MISSING
CAM_ISOMETRIC_STARBD,CAMERA,MISSING,MISSING,MISSING,MISSING,MISSING,MISSING,MISSING
CAM_ISOMETRIC_STARBOARD,CAMERA,MISSING,MISSING,MISSING,MISSING,MISSING,MISSING,MISSING
CAM_PROFILE_PORT,CAMERA,MISSING,MISSING,MISSING,MISSING,MISSING,MISSING,MISSING
CAM_PROFILE_STARBOARD,CAMERA,MISSING,MISSING,MISSING,MISSING,MISSING,MISSING,MISSING
CAM_STERN_3Q,CAMERA,MISSING,MISSING,MISSING,MISSING,MISSING,MISSING,MISSING
CAM_STERN_THREEQUARTER,CAMERA,MISSING,MISSING,MISSING,MISSING,MISSING,MISSING,MISSING
CAM_TOP,CAMERA,MISSING,MISSING,MISSING,MISSING,MISSING,MISSING,MISSING
CAM_TRANSOM,CAMERA,MISSING,MISSING,MISSING,MISSING,MISSING,MISSING,MISSING
CG_BATTERY,EMPTY,MISSING,MISSING,MISSING,MISSING,MISSING,MISSING,MISSING
CG_PASSENGERS,EMPTY,MISSING,MISSING,MISSING,MISSING,MISSING,MISSING,MISSING
CG_PROPULSION,EMPTY,MISSING,MISSING,MISSING,MISSING,MISSING,MISSING,MISSING
CG_TOTAL,EMPTY,MISSING,MISSING,MISSING,MISSING,MISSING,MISSING,MISSING
COMP_BATTERY_ZONE,MESH,MISSING,MISSING,MISSING,MISSING,MISSING,MISSING,MISSING
COMP_BOW_LOCKER,MESH,MISSING,MISSING,MISSING,MISSING,MISSING,MISSING,MISSING
COMP_CONSOLE_ZONE,MESH,MISSING,MISSING,MISSING,MISSING,MISSING,MISSING,MISSING
COMP_ENGINE_ROOM,MESH,MISSING,MISSING,MISSING,MISSING,MISSING,MISSING,MISSING
COMP_WORK_AREA,MESH,MISSING,MISSING,MISSING,MISSING,MISSING,MISSING,MISSING
CONSOLE_BODY,MESH,MISSING,MISSING,MISSING,MISSING,MISSING,MISSING,MISSING
CONSOLE_CIRCULAR_HATCH,MESH,MISSING,MISSING,MISSING,MISSING,MISSING,MISSING,MISSING
CONSOLE_DASHBOARD,MESH,MISSING,MISSING,MISSING,MISSING,MISSING,MISSING,MISSING
CONSOLE_WINDSHIELD,MESH,MISSING,MISSING,MISSING,MISSING,MISSING,MISSING,MISSING
COUPLING,MESH,MISSING,MISSING,MISSING,MISSING,MISSING,MISSING,MISSING
CURRENT_SENSOR,MESH,MISSING,MISSING,MISSING,MISSING,MISSING,MISSING,MISSING
Camera,CAMERA,MISSING,MISSING,MISSING,MISSING,MISSING,MISSING,MISSING
Cube,MESH,MISSING,MISSING,MISSING,MISSING,MISSING,MISSING,MISSING
Cube.001,MESH,MISSING,MISSING,MISSING,MISSING,MISSING,MISSING,MISSING
Cube.002,MESH,MISSING,MISSING,MISSING,MISSING,MISSING,MISSING,MISSING
Cube.004,MESH,MISSING,MISSING,MISSING,MISSING,MISSING,MISSING,MISSING
Cube.005,MESH,MISSING,MISSING,MISSING,MISSING,MISSING,MISSING,MISSING
Cylinder,MESH,MISSING,MISSING,MISSING,MISSING,MISSING,MISSING,MISSING
Cylinder.001,MESH,MISSING,MISSING,MISSING,MISSING,MISSING,MISSING,MISSING
Cylinder.002,MESH,MISSING,MISSING,MISSING,MISSING,MISSING,MISSING,MISSING
DATUM_BOW_LIMIT,EMPTY,MISSING,MISSING,MISSING,MISSING,MISSING,MISSING,MISSING
DATUM_CENTERLINE,EMPTY,MISSING,MISSING,MISSING,MISSING,MISSING,MISSING,MISSING
DATUM_DECK_REFERENCE,EMPTY,MISSING,MISSING,MISSING,MISSING,MISSING,MISSING,MISSING
DATUM_STERN_LIMIT,EMPTY,MISSING,MISSING,MISSING,MISSING,MISSING,MISSING,MISSING
DATUM_TRANSOM_PLANE,EMPTY,MISSING,MISSING,MISSING,MISSING,MISSING,MISSING,MISSING
DATUM_WATERLINE_REFERENCE,EMPTY,MISSING,MISSING,MISSING,MISSING,MISSING,MISSING,MISSING
DECK_AFT,MESH,MISSING,MISSING,MISSING,MISSING,MISSING,MISSING,MISSING
DECK_BOW,MESH,MISSING,MISSING,MISSING,MISSING,MISSING,MISSING,MISSING
DECK_HATCH_BATTERY,MESH,MISSING,MISSING,MISSING,MISSING,MISSING,MISSING,MISSING
DECK_HATCH_ENGINE,MESH,MISSING,MISSING,MISSING,MISSING,MISSING,MISSING,MISSING
DECK_MID,MESH,MISSING,MISSING,MISSING,MISSING,MISSING,MISSING,MISSING
DRIVE_SELECTOR,MESH,MISSING,MISSING,MISSING,MISSING,MISSING,MISSING,MISSING
ELECTRONIC_THROTTLE,MESH,MISSING,MISSING,MISSING,MISSING,MISSING,MISSING,MISSING
HARDTOP_SHELL,MESH,MISSING,MISSING,MISSING,MISSING,MISSING,MISSING,MISSING
HARDTOP_SUPPORT_PORT,MESH,MISSING,MISSING,MISSING,MISSING,MISSING,MISSING,MISSING
HARDTOP_SUPPORT_STARBOARD,MESH,MISSING,MISSING,MISSING,MISSING,MISSING,MISSING,MISSING
HULL_MAIN,MESH,MISSING,MISSING,MISSING,MISSING,MISSING,MISSING,MISSING
HULL_MAIN.001,MESH,MISSING,MISSING,MISSING,MISSING,MISSING,MISSING,MISSING
HV_CABLE_BATTERY_TO_JUNCTION,CURVE,MISSING,MISSING,MISSING,MISSING,MISSING,MISSING,MISSING
HV_CABLE_INVERTER_TO_MOTOR,CURVE,MISSING,MISSING,MISSING,MISSING,MISSING,MISSING,MISSING
HV_CABLE_JUNCTION_TO_INVERTER,CURVE,MISSING,MISSING,MISSING,MISSING,MISSING,MISSING,MISSING
HV_CONTACTOR,MESH,MISSING,MISSING,MISSING,MISSING,MISSING,MISSING,MISSING
HV_EMERGENCY_DISCONNECT,MESH,MISSING,MISSING,MISSING,MISSING,MISSING,MISSING,MISSING
HV_JUNCTION_BOX,MESH,MISSING,MISSING,MISSING,MISSING,MISSING,MISSING,MISSING
HV_MAIN_FUSE,MESH,MISSING,MISSING,MISSING,MISSING,MISSING,MISSING,MISSING
INBOARD_MOTOR,MESH,MISSING,MISSING,MISSING,MISSING,MISSING,MISSING,MISSING
INVERTER_INBOARD,MESH,MISSING,MISSING,MISSING,MISSING,MISSING,MISSING,MISSING
LCB_ESTIMATED,EMPTY,MISSING,MISSING,MISSING,MISSING,MISSING,MISSING,MISSING
Lamp,LIGHT,MISSING,MISSING,MISSING,MISSING,MISSING,MISSING,MISSING
Lamp.001,LIGHT,MISSING,MISSING,MISSING,MISSING,MISSING,MISSING,MISSING
MFD_BMS,MESH,MISSING,MISSING,MISSING,MISSING,MISSING,MISSING,MISSING
MFD_NAV,MESH,MISSING,MISSING,MISSING,MISSING,MISSING,MISSING,MISSING
OUTBOARD_CENTER_BRACKET,MESH,MISSING,MISSING,MISSING,MISSING,MISSING,MISSING,MISSING
OUTBOARD_ELECTRIC_MOTOR,MESH,MISSING,MISSING,MISSING,MISSING,MISSING,MISSING,MISSING
PERSON_50_PERCENTILE,MESH,MISSING,MISSING,MISSING,MISSING,MISSING,MISSING,MISSING
PROPELLER,MESH,MISSING,MISSING,MISSING,MISSING,MISSING,MISSING,MISSING
PROXY_BATTERY_ENVELOPE,MESH,MISSING,MISSING,MISSING,MISSING,MISSING,MISSING,MISSING
PROXY_BMS_ENVELOPE,MESH,MISSING,MISSING,MISSING,MISSING,MISSING,MISSING,MISSING
PROXY_HARDTOP,MESH,MISSING,MISSING,MISSING,MISSING,MISSING,MISSING,MISSING
PROXY_HELM_OPERATOR,MESH,MISSING,MISSING,MISSING,MISSING,MISSING,MISSING,MISSING
PROXY_INBOARD_MOTOR,MESH,MISSING,MISSING,MISSING,MISSING,MISSING,MISSING,MISSING
PROXY_INVERTER_ENVELOPE,MESH,MISSING,MISSING,MISSING,MISSING,MISSING,MISSING,MISSING
PROXY_OUTBOARD_CLEARANCE,MESH,MISSING,MISSING,MISSING,MISSING,MISSING,MISSING,MISSING
PROXY_SHAFT_CORRIDOR,MESH,MISSING,MISSING,MISSING,MISSING,MISSING,MISSING,MISSING
PROXY_SOLAR_AREA,MESH,MISSING,MISSING,MISSING,MISSING,MISSING,MISSING,MISSING
Plane,MESH,MISSING,MISSING,MISSING,MISSING,MISSING,MISSING,MISSING
Plane.001,MESH,MISSING,MISSING,MISSING,MISSING,MISSING,MISSING,MISSING
Plane.002,MESH,MISSING,MISSING,MISSING,MISSING,MISSING,MISSING,MISSING
Plane.003,MESH,MISSING,MISSING,MISSING,MISSING,MISSING,MISSING,MISSING
SERVICE_DISCONNECT,MESH,MISSING,MISSING,MISSING,MISSING,MISSING,MISSING,MISSING
SHAFT_MAIN,MESH,MISSING,MISSING,MISSING,MISSING,MISSING,MISSING,MISSING
SOLAR_CABLE_ROUTING,CURVE,MISSING,MISSING,MISSING,MISSING,MISSING,MISSING,MISSING
SOLAR_PANEL_01,MESH,MISSING,MISSING,MISSING,MISSING,MISSING,MISSING,MISSING
SOLAR_PANEL_02,MESH,MISSING,MISSING,MISSING,MISSING,MISSING,MISSING,MISSING
SOLAR_PANEL_03,MESH,MISSING,MISSING,MISSING,MISSING,MISSING,MISSING,MISSING
SOLAR_PANEL_04,MESH,MISSING,MISSING,MISSING,MISSING,MISSING,MISSING,MISSING
SOLAR_PANEL_05,MESH,MISSING,MISSING,MISSING,MISSING,MISSING,MISSING,MISSING
SOLAR_PANEL_06,MESH,MISSING,MISSING,MISSING,MISSING,MISSING,MISSING,MISSING
SOLAR_PANEL_07,MESH,MISSING,MISSING,MISSING,MISSING,MISSING,MISSING,MISSING
SOLAR_PANEL_08,MESH,MISSING,MISSING,MISSING,MISSING,MISSING,MISSING,MISSING
START_STOP_BUTTON,MESH,MISSING,MISSING,MISSING,MISSING,MISSING,MISSING,MISSING
STEERING_WHEEL_UPGRADED,MESH,MISSING,MISSING,MISSING,MISSING,MISSING,MISSING,MISSING
STERN_TUBE,MESH,MISSING,MISSING,MISSING,MISSING,MISSING,MISSING,MISSING
SWIM_PLATFORM_PORT,MESH,MISSING,MISSING,MISSING,MISSING,MISSING,MISSING,MISSING
SWIM_PLATFORM_STARBOARD,MESH,MISSING,MISSING,MISSING,MISSING,MISSING,MISSING,MISSING
Sphere,MESH,MISSING,MISSING,MISSING,MISSING,MISSING,MISSING,MISSING
TRANSOM_PANEL,MESH,MISSING,MISSING,MISSING,MISSING,MISSING,MISSING,MISSING
TTOP_CROSS_AFT,MESH,MISSING,MISSING,MISSING,MISSING,MISSING,MISSING,MISSING
TTOP_CROSS_FWD,MESH,MISSING,MISSING,MISSING,MISSING,MISSING,MISSING,MISSING
TTOP_CROSS_MID,MESH,MISSING,MISSING,MISSING,MISSING,MISSING,MISSING,MISSING
TTOP_DIAG_PORT,MESH,MISSING,MISSING,MISSING,MISSING,MISSING,MISSING,MISSING
TTOP_DIAG_STBD,MESH,MISSING,MISSING,MISSING,MISSING,MISSING,MISSING,MISSING
TTOP_POST_AFT_PORT,MESH,MISSING,MISSING,MISSING,MISSING,MISSING,MISSING,MISSING
TTOP_POST_AFT_STBD,MESH,MISSING,MISSING,MISSING,MISSING,MISSING,MISSING,MISSING
TTOP_POST_FWD_PORT,MESH,MISSING,MISSING,MISSING,MISSING,MISSING,MISSING,MISSING
TTOP_POST_FWD_STBD,MESH,MISSING,MISSING,MISSING,MISSING,MISSING,MISSING,MISSING
TTOP_RAIL_PORT,MESH,MISSING,MISSING,MISSING,MISSING,MISSING,MISSING,MISSING
TTOP_RAIL_STBD,MESH,MISSING,MISSING,MISSING,MISSING,MISSING,MISSING,MISSING
VESSEL_DATUM,EMPTY,MISSING,MISSING,MISSING,MISSING,MISSING,MISSING,MISSING
stone 1,MESH,MISSING,MISSING,MISSING,MISSING,MISSING,MISSING,MISSING
stone2,MESH,MISSING,MISSING,MISSING,MISSING,MISSING,MISSING,MISSING
stone3,MESH,MISSING,MISSING,MISSING,MISSING,MISSING,MISSING,MISSING
